# Measured source spectrum of ALS Beamline 8.3.2 (Advanced Light Source, LBNL).
# Non-uniform energy bins; energy_keV is the bin edge in keV, photon_counts the counts in the bin.
energy_keV,photon_counts
0.1,1.69875e-12
0.101394,1.71445e-12
0.102807,1.73028e-12
0.10424,1.74626e-12
0.105693,1.76238e-12
0.107167,1.77866e-12
0.108661,1.79508e-12
0.110175,1.81165e-12
0.111711,1.82837e-12
0.113268,1.84525e-12
0.114847,1.86229e-12
0.116448,1.87947e-12
0.118071,1.89682e-12
0.119717,1.91432e-12
0.121386,1.93198e-12
0.123078,1.94981e-12
0.124794,1.96779e-12
0.126533,1.98594e-12
0.128297,2.00426e-12
0.130085,2.02274e-12
0.131899,2.0414e-12
0.133737,2.06022e-12
0.135602,2.07921e-12
0.137492,2.09839e-12
0.139408,2.11773e-12
0.141352,2.13724e-12
0.143322,2.15694e-12
0.14532,2.17682e-12
0.147345,2.19687e-12
0.149399,2.21711e-12
0.151482,2.23754e-12
0.153593,2.25814e-12
0.155734,2.27894e-12
0.157905,2.29993e-12
0.160106,2.3211e-12
0.162338,2.34247e-12
0.164601,2.36403e-12
0.166896,2.38579e-12
0.169222,2.40775e-12
0.171581,2.4299e-12
0.173973,2.45225e-12
0.176398,2.47481e-12
0.178857,2.49757e-12
0.18135,2.52054e-12
0.183878,2.54372e-12
0.186441,2.5671e-12
0.18904,2.5907e-12
0.191675,2.6145e-12
0.194347,2.63853e-12
0.197056,2.66277e-12
0.199803,2.68723e-12
0.202588,2.71191e-12
0.205412,2.73681e-12
0.208275,2.76193e-12
0.211178,2.78729e-12
0.214122,2.81286e-12
0.217107,2.83867e-12
0.220133,2.86472e-12
0.223202,2.89099e-12
0.226313,2.9175e-12
0.229468,2.94425e-12
0.232666,2.97124e-12
0.23591,2.99847e-12
0.239198,3.02595e-12
0.242532,3.05367e-12
0.245913,3.08163e-12
0.249341,3.10985e-12
0.252817,3.13832e-12
0.256341,3.16705e-12
0.259914,3.19603e-12
0.263537,3.22526e-12
0.267211,3.25476e-12
0.270935,3.28452e-12
0.274712,3.31455e-12
0.278541,3.34484e-12
0.282424,3.3754e-12
0.286361,3.40623e-12
0.290353,3.43733e-12
0.2944,3.46871e-12
0.298504,3.50037e-12
0.302665,3.53231e-12
0.306884,3.56452e-12
0.311162,3.59703e-12
0.315499,3.62982e-12
0.319897,3.66289e-12
0.324356,3.69626e-12
0.328877,3.72993e-12
0.333462,3.76388e-12
0.33811,3.79814e-12
0.342823,3.83269e-12
0.347602,3.86755e-12
0.352447,3.90271e-12
0.35736,3.93818e-12
0.362342,3.97396e-12
0.367392,4.01005e-12
0.372514,4.04646e-12
0.377706,4.08317e-12
0.382971,4.12022e-12
0.38831,4.15757e-12
0.393723,4.19526e-12
0.399211,4.23327e-12
0.404776,4.27161e-12
0.410418,4.31028e-12
0.416139,4.34927e-12
0.42194,4.38861e-12
0.427821,4.42829e-12
0.433785,4.4683e-12
0.439832,4.50866e-12
0.445963,4.54936e-12
0.452179,4.59041e-12
0.458482,4.63181e-12
0.464873,4.67356e-12
0.471353,4.71567e-12
0.477924,4.75813e-12
0.484586,4.80096e-12
0.491341,4.84414e-12
0.49819,4.88769e-12
0.505134,4.93161e-12
0.512176,4.9759e-12
0.519315,5.02056e-12
0.526554,5.06559e-12
0.533894,5.11099e-12
0.541336,5.15678e-12
0.548882,5.20295e-12
0.556533,5.2495e-12
0.564291,5.29644e-12
0.572157,5.34377e-12
0.580132,5.39149e-12
0.588219,5.4396e-12
0.596419,5.48813e-12
0.604732,5.53698e-12
0.613162,5.58632e-12
0.621709,5.63604e-12
0.630375,5.68613e-12
0.639162,5.73665e-12
0.648072,5.78754e-12
0.657106,5.83893e-12
0.666265,5.89068e-12
0.675553,5.94282e-12
0.68497,5.99543e-12
0.694518,6.04843e-12
0.704199,6.10185e-12
0.714015,6.1557e-12
0.723968,6.20999e-12
0.73406,6.2647e-12
0.744292,6.31984e-12
0.754667,6.37541e-12
0.765187,6.43142e-12
0.775853,6.48785e-12
0.786668,6.54471e-12
0.797634,6.60201e-12
0.808753,6.65978e-12
0.820026,6.71799e-12
0.831457,6.77663e-12
0.843047,6.83575e-12
0.854798,6.8953e-12
0.866714,6.95528e-12
0.878795,7.01574e-12
0.891045,7.07663e-12
0.903466,7.13796e-12
0.91606,7.19982e-12
0.928829,7.26206e-12
0.941777,7.32478e-12
0.954904,7.38798e-12
0.968215,7.45162e-12
0.981712,7.51574e-12
0.995396,7.58028e-12
1.00927,3.33798e-11
1.02334,2.9787e-10
1.0376,2.49141e-09
1.05207,1.91151e-08
1.06673,1.33154e-07
1.0816,8.61356e-07
1.09668,5.21947e-06
1.11197,3.00089e-05
1.12747,0.000160715
1.14318,0.000792612
1.15912,0.0034443
1.17528,0.0150674
1.19166,0.0637303
1.20827,0.235918
1.22511,0.875708
1.24219,3.12173
1.25951,10.4637
1.27706,32.0424
1.29486,96.0054
1.31291,278.84
1.33122,758.487
1.34977,2004.03
1.36859,5197.42
1.38766,13160.2
1.40701,30128.4
1.42662,69160.5
1.44651,157064
1.46667,340456
1.48712,703428
1.50785,1.40566e+06
1.52886,2.76169e+06
1.55018,5.38114e+06
1.57178,1.00371e+07
1.59369,1.82086e+07
1.61591,3.25053e+07
1.63843,5.61971e+07
1.66127,9.5824e+07
1.68443,1.6143e+08
1.70791,2.6162e+08
1.73172,4.21e+08
1.75586,6.67515e+08
1.78033,1.0231e+09
1.80515,1.54413e+09
1.83031,2.31051e+09
1.85583,3.42725e+09
1.88169,4.94877e+09
1.90792,7.03676e+09
1.93452,9.88667e+09
1.96149,1.37232e+10
1.98883,1.87144e+10
2.01655,2.53378e+10
2.04466,3.37006e+10
2.07316,4.43231e+10
2.10206,5.79578e+10
2.13136,7.51182e+10
2.16107,9.57513e+10
2.1912,1.21099e+11
2.22174,1.5202e+11
2.25271,1.89285e+11
2.28411,2.32648e+11
2.31595,2.83758e+11
2.34823,3.43787e+11
2.38097,4.12911e+11
2.41416,4.91495e+11
2.44781,5.82661e+11
2.48193,6.87872e+11
2.51653,8.01844e+11
2.55161,9.31496e+11
2.58717,1.07708e+12
2.62324,1.23501e+12
2.6598,1.41009e+12
2.69688,1.60372e+12
2.73447,1.81564e+12
2.77259,2.03788e+12
2.81124,2.28079e+12
2.85043,2.54402e+12
2.89016,2.82177e+12
2.93045,3.1142e+12
2.9713,3.42958e+12
3.01271,3.7652e+12
3.05471,4.11126e+12
3.09729,4.47419e+12
3.14047,4.85658e+12
3.18424,5.25647e+12
3.22863,5.6618e+12
3.27363,6.0873e+12
3.31927,6.53355e+12
3.36553,6.97945e+12
3.41245,7.4418e+12
3.46002,7.91897e+12
3.50825,8.40092e+12
3.55715,8.89103e+12
3.60673,9.39282e+12
3.65701,9.90474e+12
3.70799,1.04128e+13
3.75968,1.09292e+13
3.81208,1.1455e+13
3.86522,1.19841e+13
3.9191,1.25082e+13
3.97373,1.30419e+13
4.02912,1.35763e+13
4.08529,1.4101e+13
4.14223,1.46302e+13
4.19997,1.51636e+13
4.25852,1.56932e+13
4.31788,1.62167e+13
4.37807,1.6739e+13
4.4391,1.72587e+13
4.50098,1.77669e+13
4.56372,1.82728e+13
4.62733,1.87771e+13
4.69183,1.92747e+13
4.75724,1.976e+13
4.82355,2.02413e+13
4.89079,2.07184e+13
4.95896,2.11852e+13
5.02809,2.16431e+13
5.09818,2.20927e+13
5.16924,2.25381e+13
5.2413,2.29702e+13
5.31436,2.33967e+13
5.38844,2.38167e+13
5.46355,2.422e+13
5.53971,2.46175e+13
5.61693,2.50096e+13
5.69523,2.53923e+13
5.77462,2.57591e+13
5.85511,2.61201e+13
5.93673,2.64752e+13
6.01948,2.68164e+13
6.10339,2.71454e+13
6.18847,2.74683e+13
6.27473,2.77846e+13
6.3622,2.80851e+13
6.45088,2.83788e+13
6.54081,2.86655e+13
6.63198,2.8939e+13
6.72443,2.92043e+13
6.81816,2.94617e+13
6.9132,2.97087e+13
7.00957,2.99446e+13
7.10728,3.01727e+13
7.20635,3.03924e+13
7.3068,3.05998e+13
7.40866,3.07986e+13
7.51193,3.09899e+13
7.61664,3.11728e+13
7.72281,3.13436e+13
7.83047,3.15069e+13
7.93962,3.16627e+13
8.05029,3.18072e+13
8.16251,3.19423e+13
8.27629,3.207e+13
8.39166,3.21889e+13
8.50863,3.2298e+13
8.62724,3.23998e+13
8.7475,3.24936e+13
8.86943,3.25759e+13
8.99307,3.26505e+13
9.11842,3.27172e+13
9.24553,3.2775e+13
9.37441,3.28235e+13
9.50508,3.28645e+13
9.63758,3.28976e+13
9.77192,3.29198e+13
9.90814,3.29347e+13
10.0463,3.29417e+13
10.1863,3.29392e+13
10.3283,3.29314e+13
10.4723,3.29133e+13
10.6182,3.28858e+13
10.7662,3.28503e+13
10.9163,3.28074e+13
11.0685,3.27572e+13
11.2228,3.26995e+13
11.3792,3.26317e+13
11.5378,3.25557e+13
11.6987,3.2472e+13
11.8617,3.23818e+13
12.0271,3.22818e+13
12.1947,3.21744e+13
12.3647,3.20606e+13
12.5371,3.19363e+13
12.7118,3.18055e+13
12.889,3.16679e+13
13.0687,3.15219e+13
13.2509,3.13678e+13
13.4356,3.12063e+13
13.6229,3.10379e+13
13.8128,3.08611e+13
14.0053,3.06774e+13
14.2005,3.04868e+13
14.3985,3.02885e+13
14.5992,3.00832e+13
14.8027,2.98711e+13
15.009,2.96519e+13
15.2183,2.94258e+13
15.4304,2.91929e+13
15.6455,2.89534e+13
15.8636,2.87071e+13
16.0847,2.84544e+13
16.3089,2.81956e+13
16.5362,2.79309e+13
16.7668,2.76593e+13
17.0005,2.73819e+13
17.2374,2.7099e+13
17.4777,2.68103e+13
17.7214,2.65158e+13
17.9684,2.6216e+13
18.2189,2.59111e+13
18.4728,2.56011e+13
18.7303,2.5286e+13
18.9914,2.49662e+13
19.2561,2.46417e+13
19.5246,2.4313e+13
19.7967,2.398e+13
20.0727,2.36428e+13
20.3525,2.33018e+13
20.6362,2.29571e+13
20.9238,2.26089e+13
21.2155,2.22574e+13
21.5112,2.1903e+13
21.8111,2.15456e+13
22.1151,2.11856e+13
22.4234,2.08233e+13
22.736,2.04587e+13
23.0529,2.00921e+13
23.3742,1.97237e+13
23.7001,1.93538e+13
24.0304,1.89827e+13
24.3654,1.86104e+13
24.705,1.82373e+13
25.0494,1.78637e+13
25.3986,1.74897e+13
25.7526,1.71156e+13
26.1116,1.67416e+13
26.4756,1.63678e+13
26.8446,1.59948e+13
27.2188,1.56226e+13
27.5983,1.52515e+13
27.983,1.48816e+13
28.373,1.45133e+13
28.7685,1.41469e+13
29.1696,1.37823e+13
29.5762,1.342e+13
29.9884,1.30602e+13
30.4065,1.2703e+13
30.8303,1.23488e+13
31.2601,1.19977e+13
31.6958,1.16498e+13
32.1376,1.13055e+13
32.5856,1.0965e+13
33.0399,1.06284e+13
33.5004,1.02958e+13
33.9674,9.96761e+12
34.4409,9.64377e+12
34.921,9.32461e+12
35.4077,9.01025e+12
35.9013,8.70084e+12
36.4018,8.39653e+12
36.9092,8.09747e+12
37.4237,7.80378e+12
37.9453,7.51558e+12
38.4743,7.23299e+12
39.0106,6.95612e+12
39.5544,6.68507e+12
40.1057,6.41989e+12
40.6648,6.16071e+12
41.2316,5.90759e+12
41.8064,5.66058e+12
42.3891,5.41974e+12
42.98,5.18511e+12
43.5791,4.95672e+12
44.1866,4.73458e+12
44.8025,4.51874e+12
45.4271,4.3092e+12
46.0603,4.10594e+12
46.7023,3.90896e+12
47.3533,3.71823e+12
48.0134,3.53373e+12
48.6827,3.35543e+12
49.3613,3.18326e+12
50.0494,3.01718e+12
50.7471,2.85715e+12
51.4544,2.70306e+12
52.1717,2.55488e+12
52.8989,2.41249e+12
53.6363,2.27582e+12
54.384,2.14479e+12
55.1421,2.01926e+12
55.9107,1.89915e+12
56.6901,1.78435e+12
57.4803,1.67473e+12
58.2815,1.57019e+12
59.094,1.47059e+12
59.9177,1.37581e+12
60.7529,1.28572e+12
61.5998,1.20018e+12
62.4584,1.11907e+12
63.3291,1.04222e+12
64.2119,9.69525e+11
65.1069,9.00835e+11
66.0145,8.36003e+11
66.9347,7.74892e+11
67.8677,7.17361e+11
68.8138,6.63271e+11
69.773,6.12481e+11
70.7456,5.64853e+11
71.7318,5.20247e+11
72.7316,4.78529e+11
73.7455,4.39566e+11
74.7735,4.03225e+11
75.8158,3.6938e+11
76.8726,3.37901e+11
77.9442,3.08665e+11
79.0307,2.81554e+11
80.1323,2.56448e+11
81.2493,2.33237e+11
82.3819,2.11807e+11
83.5302,1.92053e+11
84.6946,1.73873e+11
85.8752,1.57168e+11
87.0723,1.41843e+11
88.286,1.27806e+11
89.5166,1.14969e+11
90.7645,1.03251e+11
92.0297,9.25724e+10
93.3125,8.28566e+10
94.6132,7.40324e+10
95.9321,6.60326e+10
97.2693,5.87925e+10
98.6252,5.22522e+10
100,4.63549e+10
